geneset_cell_type	modality	odds_ratio	p_value	p_adj_bh
Adrenergic neurons	bulk	0	1	1
Adrenergic neurons	pseudobulk	0	1	1
Anterior pituitary gland cells	bulk	0	1	1
Anterior pituitary gland cells	pseudobulk	0	1	1
Astrocytes	bulk	12.62411546669662	9.999000099990002e-5	1.9998000199980003e-4
Astrocytes	pseudobulk	0	1	1
B cells	bulk	0	1	1
B cells	pseudobulk	0	1	1
B cells memory	bulk	0	1	1
B cells memory	pseudobulk	0	1	1
B cells naive	bulk	0	1	1
B cells naive	pseudobulk	0	1	1
Basophils	bulk	0	1	1
Basophils	pseudobulk	0	1	1
Bergmann glia	bulk	12.130258899676374	0.0023997600239976003	0.0047995200479952005
Bergmann glia	pseudobulk	0	1	1
Cajal-Retzius cells	bulk	0	1	1
Cajal-Retzius cells	pseudobulk	0	1	1
Cholinergic neurons	bulk	0	1	1
Cholinergic neurons	pseudobulk	0	1	1
Choroid plexus cells	bulk	7.233922829581994	0.14178582141785823	0.28357164283571645
Choroid plexus cells	pseudobulk	0	1	1
Dendritic cells	bulk	0	1	1
Dendritic cells	pseudobulk	0	1	1
Dopaminergic neurons	bulk	0	1	1
Dopaminergic neurons	pseudobulk	0	1	1
Endothelial cells	bulk	18.505116355834296	9.999000099990002e-5	1.9998000199980003e-4
Endothelial cells	pseudobulk	0	1	1
Endothelial cells (aorta)	bulk	7.030511657017682	0.0024997500249975004	0.004999500049995001
Endothelial cells (aorta)	pseudobulk	0	1	1
Endothelial cells (blood brain barrier)	bulk	9.646302250803858	0.10778922107789221	0.21557844215578442
Endothelial cells (blood brain barrier)	pseudobulk	0	1	1
Eosinophils	bulk	0	1	1
Eosinophils	pseudobulk	0	1	1
Ependymal cells	bulk	8.39488424197162	0.006899310068993101	0.013798620137986202
Ependymal cells	pseudobulk	0	1	1
Epiblast cells	bulk	0	1	1
Epiblast cells	pseudobulk	0	1	1
GABAergic neurons	bulk	0	1	1
GABAergic neurons	pseudobulk	0	1	1
Gamma delta T cells	bulk	0	1	1
Gamma delta T cells	pseudobulk	0	1	1
Glutaminergic neurons	bulk	0	1	1
Glutaminergic neurons	pseudobulk	0	1	1
Glycinergic neurons	bulk	0	1	1
Glycinergic neurons	pseudobulk	0	1	1
Hemangioblasts	bulk	0	1	1
Hemangioblasts	pseudobulk	0	1	1
Immature neurons	bulk	3.9087511949248284	0.23007699230076992	0.46015398460153983
Immature neurons	pseudobulk	0	1	1
Interneurons	bulk	2.7708719851576995	0.06239376062393761	0.12478752124787522
Interneurons	pseudobulk	0	1	1
Macrophages	bulk	1.145536671260144	0.5917408259174083	1
Macrophages	pseudobulk	0	1	1
Mast cells	bulk	0	1	1
Mast cells	pseudobulk	0	1	1
Megakaryocytes	bulk	3.1433664196840487	0.28347165283471654	0.5669433056694331
Megakaryocytes	pseudobulk	0	1	1
Meningeal cells	bulk	19.35483870967742	0.0071992800719928	0.0143985601439856
Meningeal cells	pseudobulk	0	1	1
Microglia	bulk	0	1	1
Microglia	pseudobulk	0	1	1
Monocytes	bulk	2.987562354506152	0.14958504149585042	0.29917008299170084
Monocytes	pseudobulk	0	1	1
Motor neurons	bulk	0	1	1
Motor neurons	pseudobulk	0	1	1
Myeloid-derived suppressor cells	bulk	0	1	1
Myeloid-derived suppressor cells	pseudobulk	0	1	1
Natural killer T cells	bulk	0	1	1
Natural killer T cells	pseudobulk	0	1	1
Neural stem/precursor cells	bulk	11.017397696642979	9.99900009999e-4	0.001999800019998
Neural stem/precursor cells	pseudobulk	0	1	1
Neuroblasts	bulk	0	1	1
Neuroblasts	pseudobulk	0	1	1
Neuroendocrine cells	bulk	0	1	1
Neuroendocrine cells	pseudobulk	0	1	1
Neurons	bulk	2.20876250554433	0.16428357164283572	0.32856714328567144
Neurons	pseudobulk	0	1	1
Neutrophils	bulk	0	1	1
Neutrophils	pseudobulk	0	1	1
NK cells	bulk	0	1	1
NK cells	pseudobulk	0	1	1
Noradrenergic neurons	bulk	0	1	1
Noradrenergic neurons	pseudobulk	0	1	1
Nuocytes	bulk	0	1	1
Nuocytes	pseudobulk	0	1	1
Oligodendrocyte progenitor cells	bulk	5.357627724187209	0.17738226177382263	0.35476452354764526
Oligodendrocyte progenitor cells	pseudobulk	0	1	1
Oligodendrocytes	bulk	0	1	1
Oligodendrocytes	pseudobulk	0	1	1
Pericytes	bulk	15.741946778711483	9.999000099990002e-5	1.9998000199980003e-4
Pericytes	pseudobulk	0	1	1
Pinealocytes	bulk	0	1	1
Pinealocytes	pseudobulk	0	1	1
Plasma cells	bulk	0	1	1
Plasma cells	pseudobulk	0	1	1
Plasmacytoid dendritic cells	bulk	0	1	1
Plasmacytoid dendritic cells	pseudobulk	0	1	1
Purkinje neurons	bulk	0	1	1
Purkinje neurons	pseudobulk	0	1	1
Pyramidal cells	bulk	0	1	1
Pyramidal cells	pseudobulk	0	1	1
Radial glia cells	bulk	24.19516129032258	0.0041995800419958006	0.008399160083991601
Radial glia cells	pseudobulk	0	1	1
Red pulp macrophages	bulk	0	1	1
Red pulp macrophages	pseudobulk	0	1	1
Retinal ganglion cells	bulk	0	1	1
Retinal ganglion cells	pseudobulk	0	1	1
Satellite glial cells	bulk	20.801664355062414	9.99900009999e-4	0.001999800019998
Satellite glial cells	pseudobulk	0	1	1
Schwann cells	bulk	6.747486871717929	0.0430956904309569	0.0861913808619138
Schwann cells	pseudobulk	0	1	1
Serotonergic neurons	bulk	0	1	1
Serotonergic neurons	pseudobulk	0	1	1
T cells	bulk	3.1163371488033302	0.14408559144085592	0.28817118288171184
T cells	pseudobulk	0.6928580316038323	0.7712228777122287	0.7712228777122287
T cytotoxic cells	bulk	0	1	1
T cytotoxic cells	pseudobulk	0	1	1
T follicular helper cells	bulk	0	1	1
T follicular helper cells	pseudobulk	0	1	1
T helper cells	bulk	0	1	1
T helper cells	pseudobulk	0	1	1
T memory cells	bulk	2.6772061450518043	0.31466853314668536	0.5741425857414258
T memory cells	pseudobulk	1.207169157461555	0.5741425857414258	0.5741425857414258
T regulatory cells	bulk	7.61482484345913	0.1267873212678732	0.2535746425357464
T regulatory cells	pseudobulk	0	1	1
Tanycytes	bulk	0	1	1
Tanycytes	pseudobulk	0	1	1
Trigeminal neurons	bulk	6.747486871717929	0.0397960203979602	0.0795920407959204
Trigeminal neurons	pseudobulk	0	1	1
Trophoblast cells	bulk	0	1	1
Trophoblast cells	pseudobulk	0	1	1
Trophoblast progenitor cells	bulk	0	1	1
Trophoblast progenitor cells	pseudobulk	0	1	1
Trophoblast stem cells	bulk	0	1	1
Trophoblast stem cells	pseudobulk	0	1	1
